German,English,Context,Date
verhandlungsprozess,negotiation process,"Die Ukrainer erleben den härtesten Winter seit vier Jahren Krieg. Trotz Beschuss, Zerstörung der Energieversorgung und Ungewissheit über den Verhandlungsprozess wollen sie nicht aufgeben. Woher nehmen sie die Kraft?",2026-02-24
drohnenüberwachung,drone monitoring,Vom klassischen Bodenkampf bis zum Überleben in verbunkerten Stellungen innerhalb der Todeszone - unter permanenter Drohnenüberwachung. Wie hat sich der Krieg zwischen Russland und der Ukraine in vier Jahren gewandelt?,2026-02-24
energieversorgung,Energy supply,"Die Ukrainer erleben den härtesten Winter seit vier Jahren Krieg. Trotz Beschuss, Zerstörung der Energieversorgung und Ungewissheit über den Verhandlungsprozess wollen sie nicht aufgeben. Woher nehmen sie die Kraft?",2026-02-24
gesundheitssystem,Health care,"Jeder achte Mediziner in Deutschland hat keinen deutschen Pass, jeder vierte ist ein Zuwanderer. Es stellt sich die Frage: Wie stünde das Gesundheitssystem ohne medizinisches Personal aus dem Ausland da?",2026-02-24
truppenbewegungen,troop movements,In der nordäthiopischen Region Tigray ist die Lage zunehmend angespannt. Truppenbewegungen an der Grenze zu Eritrea könnten das Ende des fragilen Friedens bedeuten. Journalisten verweigert Äthiopien den Zugang.,2026-02-24
umweltverbrechen,"environmental crime,",Am Obersten Bundesgericht in Brasilien müssen sich Verantwortliche eines Bergbaukonzerns und einer TÜV-Süd-Tochter wegen Mordes und Umweltverbrechen verantworten. Auch die deutsche Justiz befasst sich mit dem Fall.,2026-02-24
nordäthiopischen,north Ethiopian,In der nordäthiopischen Region Tigray ist die Lage zunehmend angespannt. Truppenbewegungen an der Grenze zu Eritrea könnten das Ende des fragilen Friedens bedeuten. Journalisten verweigert Äthiopien den Zugang.,2026-02-24
gedenkzeremonie,commemoration ceremony,Der Überfall Russlands auf das Nachbarland Ukraine jährt sich zum vierten Mal. In Kyjiw findet die zentrale Gedenkzeremonie statt. Mit dabei sind hochrangige Gäste aus der EU.,2026-02-24
verantwortliche,Responsible,Am Obersten Bundesgericht in Brasilien müssen sich Verantwortliche eines Bergbaukonzerns und einer TÜV-Süd-Tochter wegen Mordes und Umweltverbrechen verantworten. Auch die deutsche Justiz befasst sich mit dem Fall.,2026-02-24
bergbaukonzerns,mining group,Am Obersten Bundesgericht in Brasilien müssen sich Verantwortliche eines Bergbaukonzerns und einer TÜV-Süd-Tochter wegen Mordes und Umweltverbrechen verantworten. Auch die deutsche Justiz befasst sich mit dem Fall.,2026-02-24
logistikkonzern,logistics group,Nach dem Urteil des Supreme Courts zur Zollpolitik des US-Präsidenten geht der Logistikkonzern FedEx vor Gericht. Die Ukraine erinnert an den vierten Jahrestag der russischen Invasion. Das Wichtigste in Kürze.,2026-02-24
drogenkartellen,drug cartels,"Mit der Tötung von ""El Mencho"" hat die mexikanische Regierung den jahrelangen Burgfrieden mit den Drogenkartellen offenbar aufgekündigt. Wer war der Drogenboss und was ist das CJNG, das Cártel Jalisco Nueva Generación?",2026-02-24
philippinische,Filipino,"Wegen seines blutigen ""Krieges gegen die Drogen“ mit tausenden Toten muss sich der philippinische Ex-Präsident wohl in Den Haag verantworten. Doch das heißt nicht, dass sein Heimatland nun andere Wege geht.",2026-02-24
medizinisches,Medical,"Jeder achte Mediziner in Deutschland hat keinen deutschen Pass, jeder vierte ist ein Zuwanderer. Es stellt sich die Frage: Wie stünde das Gesundheitssystem ohne medizinisches Personal aus dem Ausland da?",2026-02-24
bundesgericht,Federal Tribunal,Am Obersten Bundesgericht in Brasilien müssen sich Verantwortliche eines Bergbaukonzerns und einer TÜV-Süd-Tochter wegen Mordes und Umweltverbrechen verantworten. Auch die deutsche Justiz befasst sich mit dem Fall.,2026-02-24
geopolitische,geopolitical,Island ist NATO-Mitglied und in europäische Strukturen integriert. Von einem EU-Beitritt wollte man allerdings lange nichts wissen. Doch die geopolitische Lage verändert sich - und zwingt auch die Isländer zum Umdenken.,2026-02-24
ungewissheit,Uncertainty,"Die Ukrainer erleben den härtesten Winter seit vier Jahren Krieg. Trotz Beschuss, Zerstörung der Energieversorgung und Ungewissheit über den Verhandlungsprozess wollen sie nicht aufgeben. Woher nehmen sie die Kraft?",2026-02-24
verbunkerten,bunkered,Vom klassischen Bodenkampf bis zum Überleben in verbunkerten Stellungen innerhalb der Todeszone - unter permanenter Drohnenüberwachung. Wie hat sich der Krieg zwischen Russland und der Ukraine in vier Jahren gewandelt?,2026-02-24
verantworten,thinks,Am Obersten Bundesgericht in Brasilien müssen sich Verantwortliche eines Bergbaukonzerns und einer TÜV-Süd-Tochter wegen Mordes und Umweltverbrechen verantworten. Auch die deutsche Justiz befasst sich mit dem Fall.,2026-02-24
journalisten,Journalists,In der nordäthiopischen Region Tigray ist die Lage zunehmend angespannt. Truppenbewegungen an der Grenze zu Eritrea könnten das Ende des fragilen Friedens bedeuten. Journalisten verweigert Äthiopien den Zugang.,2026-02-24
mexikanische,mexican,"Mit der Tötung von ""El Mencho"" hat die mexikanische Regierung den jahrelangen Burgfrieden mit den Drogenkartellen offenbar aufgekündigt. Wer war der Drogenboss und was ist das CJNG, das Cártel Jalisco Nueva Generación?",2026-02-24
aufgekündigt,terminated,"Mit der Tötung von ""El Mencho"" hat die mexikanische Regierung den jahrelangen Burgfrieden mit den Drogenkartellen offenbar aufgekündigt. Wer war der Drogenboss und was ist das CJNG, das Cártel Jalisco Nueva Generación?",2026-02-24
nachbarland,Neighbouring Nation,Der Überfall Russlands auf das Nachbarland Ukraine jährt sich zum vierten Mal. In Kyjiw findet die zentrale Gedenkzeremonie statt. Mit dabei sind hochrangige Gäste aus der EU.,2026-02-24
hochrangige,high-level,Der Überfall Russlands auf das Nachbarland Ukraine jährt sich zum vierten Mal. In Kyjiw findet die zentrale Gedenkzeremonie statt. Mit dabei sind hochrangige Gäste aus der EU.,2026-02-24
klassischen,classic,Vom klassischen Bodenkampf bis zum Überleben in verbunkerten Stellungen innerhalb der Todeszone - unter permanenter Drohnenüberwachung. Wie hat sich der Krieg zwischen Russland und der Ukraine in vier Jahren gewandelt?,2026-02-24
permanenter,Permanent,Vom klassischen Bodenkampf bis zum Überleben in verbunkerten Stellungen innerhalb der Todeszone - unter permanenter Drohnenüberwachung. Wie hat sich der Krieg zwischen Russland und der Ukraine in vier Jahren gewandelt?,2026-02-24
deutschland,Germany,"Jeder achte Mediziner in Deutschland hat keinen deutschen Pass, jeder vierte ist ein Zuwanderer. Es stellt sich die Frage: Wie stünde das Gesundheitssystem ohne medizinisches Personal aus dem Ausland da?",2026-02-24
zollpolitik,Customs policy,Nach dem Urteil des Supreme Courts zur Zollpolitik des US-Präsidenten geht der Logistikkonzern FedEx vor Gericht. Die Ukraine erinnert an den vierten Jahrestag der russischen Invasion. Das Wichtigste in Kürze.,2026-02-24
präsidenten,2003.,Nach dem Urteil des Supreme Courts zur Zollpolitik des US-Präsidenten geht der Logistikkonzern FedEx vor Gericht. Die Ukraine erinnert an den vierten Jahrestag der russischen Invasion. Das Wichtigste in Kürze.,2026-02-24
europäische,Europäische,Island ist NATO-Mitglied und in europäische Strukturen integriert. Von einem EU-Beitritt wollte man allerdings lange nichts wissen. Doch die geopolitische Lage verändert sich - und zwingt auch die Isländer zum Umdenken.,2026-02-24
jahrelangen,years,"Mit der Tötung von ""El Mencho"" hat die mexikanische Regierung den jahrelangen Burgfrieden mit den Drogenkartellen offenbar aufgekündigt. Wer war der Drogenboss und was ist das CJNG, das Cártel Jalisco Nueva Generación?",2026-02-24
burgfrieden,burgfrieden,"Mit der Tötung von ""El Mencho"" hat die mexikanische Regierung den jahrelangen Burgfrieden mit den Drogenkartellen offenbar aufgekündigt. Wer war der Drogenboss und was ist das CJNG, das Cártel Jalisco Nueva Generación?",2026-02-24
zerstörung,Destruction:,"Die Ukrainer erleben den härtesten Winter seit vier Jahren Krieg. Trotz Beschuss, Zerstörung der Energieversorgung und Ungewissheit über den Verhandlungsprozess wollen sie nicht aufgeben. Woher nehmen sie die Kraft?",2026-02-24
bodenkampf,ground combat,Vom klassischen Bodenkampf bis zum Überleben in verbunkerten Stellungen innerhalb der Todeszone - unter permanenter Drohnenüberwachung. Wie hat sich der Krieg zwischen Russland und der Ukraine in vier Jahren gewandelt?,2026-02-24
stellungen,POSITIONS,Vom klassischen Bodenkampf bis zum Überleben in verbunkerten Stellungen innerhalb der Todeszone - unter permanenter Drohnenüberwachung. Wie hat sich der Krieg zwischen Russland und der Ukraine in vier Jahren gewandelt?,2026-02-24
zuwanderer,Immigrants,"Jeder achte Mediziner in Deutschland hat keinen deutschen Pass, jeder vierte ist ein Zuwanderer. Es stellt sich die Frage: Wie stünde das Gesundheitssystem ohne medizinisches Personal aus dem Ausland da?",2026-02-24
russischen,russian,Nach dem Urteil des Supreme Courts zur Zollpolitik des US-Präsidenten geht der Logistikkonzern FedEx vor Gericht. Die Ukraine erinnert an den vierten Jahrestag der russischen Invasion. Das Wichtigste in Kürze.,2026-02-24
wichtigste,important,Nach dem Urteil des Supreme Courts zur Zollpolitik des US-Präsidenten geht der Logistikkonzern FedEx vor Gericht. Die Ukraine erinnert an den vierten Jahrestag der russischen Invasion. Das Wichtigste in Kürze.,2026-02-24
heimatland,Home_Country,"Wegen seines blutigen ""Krieges gegen die Drogen“ mit tausenden Toten muss sich der philippinische Ex-Präsident wohl in Den Haag verantworten. Doch das heißt nicht, dass sein Heimatland nun andere Wege geht.",2026-02-24
strukturen,structures,Island ist NATO-Mitglied und in europäische Strukturen integriert. Von einem EU-Beitritt wollte man allerdings lange nichts wissen. Doch die geopolitische Lage verändert sich - und zwingt auch die Isländer zum Umdenken.,2026-02-24
integriert,Integrated,Island ist NATO-Mitglied und in europäische Strukturen integriert. Von einem EU-Beitritt wollte man allerdings lange nichts wissen. Doch die geopolitische Lage verändert sich - und zwingt auch die Isländer zum Umdenken.,2026-02-24
allerdings,Allerdings,Island ist NATO-Mitglied und in europäische Strukturen integriert. Von einem EU-Beitritt wollte man allerdings lange nichts wissen. Doch die geopolitische Lage verändert sich - und zwingt auch die Isländer zum Umdenken.,2026-02-24
angespannt,tensely,In der nordäthiopischen Region Tigray ist die Lage zunehmend angespannt. Truppenbewegungen an der Grenze zu Eritrea könnten das Ende des fragilen Friedens bedeuten. Journalisten verweigert Äthiopien den Zugang.,2026-02-24
verweigert,is denied,In der nordäthiopischen Region Tigray ist die Lage zunehmend angespannt. Truppenbewegungen an der Grenze zu Eritrea könnten das Ende des fragilen Friedens bedeuten. Journalisten verweigert Äthiopien den Zugang.,2026-02-24
drogenboss,dry forest,"Mit der Tötung von ""El Mencho"" hat die mexikanische Regierung den jahrelangen Burgfrieden mit den Drogenkartellen offenbar aufgekündigt. Wer war der Drogenboss und was ist das CJNG, das Cártel Jalisco Nueva Generación?",2026-02-24
härtesten,hardest,"Die Ukrainer erleben den härtesten Winter seit vier Jahren Krieg. Trotz Beschuss, Zerstörung der Energieversorgung und Ungewissheit über den Verhandlungsprozess wollen sie nicht aufgeben. Woher nehmen sie die Kraft?",2026-02-24
russlands,russia,Der Überfall Russlands auf das Nachbarland Ukraine jährt sich zum vierten Mal. In Kyjiw findet die zentrale Gedenkzeremonie statt. Mit dabei sind hochrangige Gäste aus der EU.,2026-02-24
überleben,survive,Vom klassischen Bodenkampf bis zum Überleben in verbunkerten Stellungen innerhalb der Todeszone - unter permanenter Drohnenüberwachung. Wie hat sich der Krieg zwischen Russland und der Ukraine in vier Jahren gewandelt?,2026-02-24
todeszone,limiting height speed envelope,Vom klassischen Bodenkampf bis zum Überleben in verbunkerten Stellungen innerhalb der Todeszone - unter permanenter Drohnenüberwachung. Wie hat sich der Krieg zwischen Russland und der Ukraine in vier Jahren gewandelt?,2026-02-24
gewandelt,transformed,Vom klassischen Bodenkampf bis zum Überleben in verbunkerten Stellungen innerhalb der Todeszone - unter permanenter Drohnenüberwachung. Wie hat sich der Krieg zwischen Russland und der Ukraine in vier Jahren gewandelt?,2026-02-24
mediziner,Medics,"Jeder achte Mediziner in Deutschland hat keinen deutschen Pass, jeder vierte ist ein Zuwanderer. Es stellt sich die Frage: Wie stünde das Gesundheitssystem ohne medizinisches Personal aus dem Ausland da?",2026-02-24
deutschen,of   the,"Jeder achte Mediziner in Deutschland hat keinen deutschen Pass, jeder vierte ist ein Zuwanderer. Es stellt sich die Frage: Wie stünde das Gesundheitssystem ohne medizinisches Personal aus dem Ausland da?",2026-02-24
brasilien,BRAZIL,Am Obersten Bundesgericht in Brasilien müssen sich Verantwortliche eines Bergbaukonzerns und einer TÜV-Süd-Tochter wegen Mordes und Umweltverbrechen verantworten. Auch die deutsche Justiz befasst sich mit dem Fall.,2026-02-24
jahrestag,Anniversary,Nach dem Urteil des Supreme Courts zur Zollpolitik des US-Präsidenten geht der Logistikkonzern FedEx vor Gericht. Die Ukraine erinnert an den vierten Jahrestag der russischen Invasion. Das Wichtigste in Kürze.,2026-02-24
tausenden,thousands,"Wegen seines blutigen ""Krieges gegen die Drogen“ mit tausenden Toten muss sich der philippinische Ex-Präsident wohl in Den Haag verantworten. Doch das heißt nicht, dass sein Heimatland nun andere Wege geht.",2026-02-24
präsident,Президент,"Wegen seines blutigen ""Krieges gegen die Drogen“ mit tausenden Toten muss sich der philippinische Ex-Präsident wohl in Den Haag verantworten. Doch das heißt nicht, dass sein Heimatland nun andere Wege geht.",2026-02-24
verändert,changed,Island ist NATO-Mitglied und in europäische Strukturen integriert. Von einem EU-Beitritt wollte man allerdings lange nichts wissen. Doch die geopolitische Lage verändert sich - und zwingt auch die Isländer zum Umdenken.,2026-02-24
zunehmend,increasing,In der nordäthiopischen Region Tigray ist die Lage zunehmend angespannt. Truppenbewegungen an der Grenze zu Eritrea könnten das Ende des fragilen Friedens bedeuten. Journalisten verweigert Äthiopien den Zugang.,2026-02-24
äthiopien,ethiopia,In der nordäthiopischen Region Tigray ist die Lage zunehmend angespannt. Truppenbewegungen an der Grenze zu Eritrea könnten das Ende des fragilen Friedens bedeuten. Journalisten verweigert Äthiopien den Zugang.,2026-02-24
regierung,The Irish Government,"Mit der Tötung von ""El Mencho"" hat die mexikanische Regierung den jahrelangen Burgfrieden mit den Drogenkartellen offenbar aufgekündigt. Wer war der Drogenboss und was ist das CJNG, das Cártel Jalisco Nueva Generación?",2026-02-24
konfliktprognosen,conflict forecasts,"Konfliktprognosen mithilfe Künstlicher Intelligenz entwickeln sich rasant. Autoritäre Regime im Nahen Osten könnten weltweit zu den ersten gehören, die diese Technologie einsetzen, um Proteste im Keim zu unterbinden.",2026-02-25
bischofskonferenz,episcopal Conference,Die Zahl der Christen in Deutschland sinkt. Die Gesellschaft ist gespalten. Doch der neue Bischofskonferenz-Chef beschwört Einheit und Dialog.,2026-02-25
intelligentere,Building,"Deutschland nutzt KI bereits für eine intelligentere Produktion - mit virtuellen Fabriken, Roboterflotten und seiner neu eingeführten Industrial AI Cloud. Hilft dieser Vorsprung beim KI-Wettlauf mit den USA und China?",2026-02-25
roboterflotten,robot fleets,"Deutschland nutzt KI bereits für eine intelligentere Produktion - mit virtuellen Fabriken, Roboterflotten und seiner neu eingeführten Industrial AI Cloud. Hilft dieser Vorsprung beim KI-Wettlauf mit den USA und China?",2026-02-25
eingeführten,introduced,"Deutschland nutzt KI bereits für eine intelligentere Produktion - mit virtuellen Fabriken, Roboterflotten und seiner neu eingeführten Industrial AI Cloud. Hilft dieser Vorsprung beim KI-Wettlauf mit den USA und China?",2026-02-25
gesellschaft,company,Die Zahl der Christen in Deutschland sinkt. Die Gesellschaft ist gespalten. Doch der neue Bischofskonferenz-Chef beschwört Einheit und Dialog.,2026-02-25
künstlicher,artificial,"Konfliktprognosen mithilfe Künstlicher Intelligenz entwickeln sich rasant. Autoritäre Regime im Nahen Osten könnten weltweit zu den ersten gehören, die diese Technologie einsetzen, um Proteste im Keim zu unterbinden.",2026-02-25
intelligenz,Intelligence,"Konfliktprognosen mithilfe Künstlicher Intelligenz entwickeln sich rasant. Autoritäre Regime im Nahen Osten könnten weltweit zu den ersten gehören, die diese Technologie einsetzen, um Proteste im Keim zu unterbinden.",2026-02-25
technologie,technology,"Konfliktprognosen mithilfe Künstlicher Intelligenz entwickeln sich rasant. Autoritäre Regime im Nahen Osten könnten weltweit zu den ersten gehören, die diese Technologie einsetzen, um Proteste im Keim zu unterbinden.",2026-02-25
unterbinden,DISRUPT.,"Konfliktprognosen mithilfe Künstlicher Intelligenz entwickeln sich rasant. Autoritäre Regime im Nahen Osten könnten weltweit zu den ersten gehören, die diese Technologie einsetzen, um Proteste im Keim zu unterbinden.",2026-02-25
entwickeln,nurture,"Konfliktprognosen mithilfe Künstlicher Intelligenz entwickeln sich rasant. Autoritäre Regime im Nahen Osten könnten weltweit zu den ersten gehören, die diese Technologie einsetzen, um Proteste im Keim zu unterbinden.",2026-02-25
autoritäre,Authoritarian,"Konfliktprognosen mithilfe Künstlicher Intelligenz entwickeln sich rasant. Autoritäre Regime im Nahen Osten könnten weltweit zu den ersten gehören, die diese Technologie einsetzen, um Proteste im Keim zu unterbinden.",2026-02-25
produktion,production,"Deutschland nutzt KI bereits für eine intelligentere Produktion - mit virtuellen Fabriken, Roboterflotten und seiner neu eingeführten Industrial AI Cloud. Hilft dieser Vorsprung beim KI-Wettlauf mit den USA und China?",2026-02-25
virtuellen,virtual,"Deutschland nutzt KI bereits für eine intelligentere Produktion - mit virtuellen Fabriken, Roboterflotten und seiner neu eingeführten Industrial AI Cloud. Hilft dieser Vorsprung beim KI-Wettlauf mit den USA und China?",2026-02-25
industrial,PaintChecker,"Deutschland nutzt KI bereits für eine intelligentere Produktion - mit virtuellen Fabriken, Roboterflotten und seiner neu eingeführten Industrial AI Cloud. Hilft dieser Vorsprung beim KI-Wettlauf mit den USA und China?",2026-02-25
einsetzen,einsetzen,"Konfliktprognosen mithilfe Künstlicher Intelligenz entwickeln sich rasant. Autoritäre Regime im Nahen Osten könnten weltweit zu den ersten gehören, die diese Technologie einsetzen, um Proteste im Keim zu unterbinden.",2026-02-25
vorsprung,Protrusion,"Deutschland nutzt KI bereits für eine intelligentere Produktion - mit virtuellen Fabriken, Roboterflotten und seiner neu eingeführten Industrial AI Cloud. Hilft dieser Vorsprung beim KI-Wettlauf mit den USA und China?",2026-02-25
gespalten,Jako,Die Zahl der Christen in Deutschland sinkt. Die Gesellschaft ist gespalten. Doch der neue Bischofskonferenz-Chef beschwört Einheit und Dialog.,2026-02-25
beschwört,summons,Die Zahl der Christen in Deutschland sinkt. Die Gesellschaft ist gespalten. Doch der neue Bischofskonferenz-Chef beschwört Einheit und Dialog.,2026-02-25
mithilfe,with the help,"Konfliktprognosen mithilfe Künstlicher Intelligenz entwickeln sich rasant. Autoritäre Regime im Nahen Osten könnten weltweit zu den ersten gehören, die diese Technologie einsetzen, um Proteste im Keim zu unterbinden.",2026-02-25
weltweit,globally,"Konfliktprognosen mithilfe Künstlicher Intelligenz entwickeln sich rasant. Autoritäre Regime im Nahen Osten könnten weltweit zu den ersten gehören, die diese Technologie einsetzen, um Proteste im Keim zu unterbinden.",2026-02-25
luftverteidigungsprojekt,air defense project,"Berichten zufolge steht das deutsch-französische Luftverteidigungsprojekt FCAS kurz vor dem Scheitern. Michael Schoellhorn, CEO von Airbus Defence, erklärt der DW exklusiv, warum das Projekt umstrukturiert werden muss.",2026-02-26
täuschungsmanövern,deception manoeuvres,"Afrikaweit rekrutiert Russland Männer für den Kriegseinsatz - auch mit Täuschungsmanövern. Die Familien zuhause suchen nach Wegen, die Toten zu bergen, um sie zu beerdigen.",2026-02-26
haushaltsausschuss,Committee on Budgetary Control,Deutschlands Armee hat bald unbemannte Waffensysteme im Arsenal. Der Haushaltsausschuss des Bundestags stimmt zu - aber unter Auflagen.,2026-02-26
überschwemmungen,Flooding,"Heftige Regenfälle, Überschwemmungen und Erdrutsche: Die Auswirkungen eines Unwetters im Südosten Brasiliens sind verheerend. Zahlreiche Menschen kamen ums Leben.",2026-02-26
wirtschaftsmacht,economic power,"Bundeskanzler Friedrich Merz will die Abhängigkeiten von China vermindern, aber gleichzeitig die Beziehungen zur zweitstärksten Wirtschaftsmacht nicht gefährden. Sein Staatsbesuch in Peking ist eine Gratwanderung.",2026-02-26
medienkompetenz,Media literacy,"Mehr Medienkompetenz für Schulen - das fordern in Nordmazedonien Lehrerinnen und Lehrer genauso wie Schülerinnen und Schüler. Das Land Nordrhein-Westfalen unterstützt mit dem Projekt ""Resilienz gegen Desinformation"".",2026-02-26
abhängigkeiten,Dependencies,"Bundeskanzler Friedrich Merz will die Abhängigkeiten von China vermindern, aber gleichzeitig die Beziehungen zur zweitstärksten Wirtschaftsmacht nicht gefährden. Sein Staatsbesuch in Peking ist eine Gratwanderung.",2026-02-26
zweitstärksten,second strongest,"Bundeskanzler Friedrich Merz will die Abhängigkeiten von China vermindern, aber gleichzeitig die Beziehungen zur zweitstärksten Wirtschaftsmacht nicht gefährden. Sein Staatsbesuch in Peking ist eine Gratwanderung.",2026-02-26
nordmazedonien,North Macedonia,"Mehr Medienkompetenz für Schulen - das fordern in Nordmazedonien Lehrerinnen und Lehrer genauso wie Schülerinnen und Schüler. Das Land Nordrhein-Westfalen unterstützt mit dem Projekt ""Resilienz gegen Desinformation"".",2026-02-26
desinformation,Desinformation,"Mehr Medienkompetenz für Schulen - das fordern in Nordmazedonien Lehrerinnen und Lehrer genauso wie Schülerinnen und Schüler. Das Land Nordrhein-Westfalen unterstützt mit dem Projekt ""Resilienz gegen Desinformation"".",2026-02-26
umstrukturiert,restructured,"Berichten zufolge steht das deutsch-französische Luftverteidigungsprojekt FCAS kurz vor dem Scheitern. Michael Schoellhorn, CEO von Airbus Defence, erklärt der DW exklusiv, warum das Projekt umstrukturiert werden muss.",2026-02-26
kriegseinsatz,wartime deployment,"Afrikaweit rekrutiert Russland Männer für den Kriegseinsatz - auch mit Täuschungsmanövern. Die Familien zuhause suchen nach Wegen, die Toten zu bergen, um sie zu beerdigen.",2026-02-26
waffensysteme,Weapon Systems,Deutschlands Armee hat bald unbemannte Waffensysteme im Arsenal. Der Haushaltsausschuss des Bundestags stimmt zu - aber unter Auflagen.,2026-02-26
bundeskanzler,Federal Chancellor,"Bundeskanzler Friedrich Merz will die Abhängigkeiten von China vermindern, aber gleichzeitig die Beziehungen zur zweitstärksten Wirtschaftsmacht nicht gefährden. Sein Staatsbesuch in Peking ist eine Gratwanderung.",2026-02-26
gratwanderung,Ridge hike,"Bundeskanzler Friedrich Merz will die Abhängigkeiten von China vermindern, aber gleichzeitig die Beziehungen zur zweitstärksten Wirtschaftsmacht nicht gefährden. Sein Staatsbesuch in Peking ist eine Gratwanderung.",2026-02-26
turnierbeginn,Tournament starts,Die Fragezeichen zur Sicherheit in Mexiko werden mit Blick auf die Fußball-WM 2026 immer größer. Auch der DFB sorgt sich rund 100 Tage vor Turnierbeginn angesichts der Eskalation der Gewalt.,2026-02-26
ukrainischen,ukrainian,Nach der russischen Ukraine-Invasion 2022 schloss sich DW-Journalist Kostiantyn Honcharov der ukrainischen Armee an. Seitdem kämpft er an der Front. Hier ist sein persönlicher Bericht zum vierten Jahrestag des Krieges.,2026-02-26
persönlicher,personal viewing,Nach der russischen Ukraine-Invasion 2022 schloss sich DW-Journalist Kostiantyn Honcharov der ukrainischen Armee an. Seitdem kämpft er an der Front. Hier ist sein persönlicher Bericht zum vierten Jahrestag des Krieges.,2026-02-26
deutschlands,germany's,Deutschlands Armee hat bald unbemannte Waffensysteme im Arsenal. Der Haushaltsausschuss des Bundestags stimmt zu - aber unter Auflagen.,2026-02-26
auswirkungen,Impacts,"Heftige Regenfälle, Überschwemmungen und Erdrutsche: Die Auswirkungen eines Unwetters im Südosten Brasiliens sind verheerend. Zahlreiche Menschen kamen ums Leben.",2026-02-26
achtelfinale,Round of 16,Bayer 04 Leverkusen rettet im Rückspiel der Champions-League-Playoffs gegen Olympiakos Piräus seinen Vorsprung aus dem Hinspiel und steht im Achtelfinale. Underdog Bodö/Glimt aus Norwegen lässt weiter aufhorchen.,2026-02-26
gleichzeitig,at the same time,"Bundeskanzler Friedrich Merz will die Abhängigkeiten von China vermindern, aber gleichzeitig die Beziehungen zur zweitstärksten Wirtschaftsmacht nicht gefährden. Sein Staatsbesuch in Peking ist eine Gratwanderung.",2026-02-26
staatsbesuch,State visit,"Bundeskanzler Friedrich Merz will die Abhängigkeiten von China vermindern, aber gleichzeitig die Beziehungen zur zweitstärksten Wirtschaftsmacht nicht gefährden. Sein Staatsbesuch in Peking ist eine Gratwanderung.",2026-02-26
schülerinnen,pupils,"Mehr Medienkompetenz für Schulen - das fordern in Nordmazedonien Lehrerinnen und Lehrer genauso wie Schülerinnen und Schüler. Das Land Nordrhein-Westfalen unterstützt mit dem Projekt ""Resilienz gegen Desinformation"".",2026-02-26
fragezeichen,Question mark,Die Fragezeichen zur Sicherheit in Mexiko werden mit Blick auf die Fußball-WM 2026 immer größer. Auch der DFB sorgt sich rund 100 Tage vor Turnierbeginn angesichts der Eskalation der Gewalt.,2026-02-26
französische,frans,"Berichten zufolge steht das deutsch-französische Luftverteidigungsprojekt FCAS kurz vor dem Scheitern. Michael Schoellhorn, CEO von Airbus Defence, erklärt der DW exklusiv, warum das Projekt umstrukturiert werden muss.",2026-02-26
beziehungen,government,"Bundeskanzler Friedrich Merz will die Abhängigkeiten von China vermindern, aber gleichzeitig die Beziehungen zur zweitstärksten Wirtschaftsmacht nicht gefährden. Sein Staatsbesuch in Peking ist eine Gratwanderung.",2026-02-26
lehrerinnen,Teachers,"Mehr Medienkompetenz für Schulen - das fordern in Nordmazedonien Lehrerinnen und Lehrer genauso wie Schülerinnen und Schüler. Das Land Nordrhein-Westfalen unterstützt mit dem Projekt ""Resilienz gegen Desinformation"".",2026-02-26
unterstützt,years,"Mehr Medienkompetenz für Schulen - das fordern in Nordmazedonien Lehrerinnen und Lehrer genauso wie Schülerinnen und Schüler. Das Land Nordrhein-Westfalen unterstützt mit dem Projekt ""Resilienz gegen Desinformation"".",2026-02-26
schoellhorn,Schoellhorn,"Berichten zufolge steht das deutsch-französische Luftverteidigungsprojekt FCAS kurz vor dem Scheitern. Michael Schoellhorn, CEO von Airbus Defence, erklärt der DW exklusiv, warum das Projekt umstrukturiert werden muss.",2026-02-26
afrikaweit,africa-wide,"Afrikaweit rekrutiert Russland Männer für den Kriegseinsatz - auch mit Täuschungsmanövern. Die Familien zuhause suchen nach Wegen, die Toten zu bergen, um sie zu beerdigen.",2026-02-26
rekrutiert,Recruited,"Afrikaweit rekrutiert Russland Männer für den Kriegseinsatz - auch mit Täuschungsmanövern. Die Familien zuhause suchen nach Wegen, die Toten zu bergen, um sie zu beerdigen.",2026-02-26
journalist,Journalist,Nach der russischen Ukraine-Invasion 2022 schloss sich DW-Journalist Kostiantyn Honcharov der ukrainischen Armee an. Seitdem kämpft er an der Front. Hier ist sein persönlicher Bericht zum vierten Jahrestag des Krieges.,2026-02-26
kostiantyn,kostiantyn,Nach der russischen Ukraine-Invasion 2022 schloss sich DW-Journalist Kostiantyn Honcharov der ukrainischen Armee an. Seitdem kämpft er an der Front. Hier ist sein persönlicher Bericht zum vierten Jahrestag des Krieges.,2026-02-26
unbemannte,unmanned,Deutschlands Armee hat bald unbemannte Waffensysteme im Arsenal. Der Haushaltsausschuss des Bundestags stimmt zu - aber unter Auflagen.,2026-02-26
bundestags,bundestags,Deutschlands Armee hat bald unbemannte Waffensysteme im Arsenal. Der Haushaltsausschuss des Bundestags stimmt zu - aber unter Auflagen.,2026-02-26
regenfälle,rainfall,"Heftige Regenfälle, Überschwemmungen und Erdrutsche: Die Auswirkungen eines Unwetters im Südosten Brasiliens sind verheerend. Zahlreiche Menschen kamen ums Leben.",2026-02-26
erdrutsche,Landslides,"Heftige Regenfälle, Überschwemmungen und Erdrutsche: Die Auswirkungen eines Unwetters im Südosten Brasiliens sind verheerend. Zahlreiche Menschen kamen ums Leben.",2026-02-26
brasiliens,brazil,"Heftige Regenfälle, Überschwemmungen und Erdrutsche: Die Auswirkungen eines Unwetters im Südosten Brasiliens sind verheerend. Zahlreiche Menschen kamen ums Leben.",2026-02-26
verheerend,devastating,"Heftige Regenfälle, Überschwemmungen und Erdrutsche: Die Auswirkungen eines Unwetters im Südosten Brasiliens sind verheerend. Zahlreiche Menschen kamen ums Leben.",2026-02-26
zahlreiche,Numerous,"Heftige Regenfälle, Überschwemmungen und Erdrutsche: Die Auswirkungen eines Unwetters im Südosten Brasiliens sind verheerend. Zahlreiche Menschen kamen ums Leben.",2026-02-26
leverkusen,Leverkusen,Bayer 04 Leverkusen rettet im Rückspiel der Champions-League-Playoffs gegen Olympiakos Piräus seinen Vorsprung aus dem Hinspiel und steht im Achtelfinale. Underdog Bodö/Glimt aus Norwegen lässt weiter aufhorchen.,2026-02-26
olympiakos,olympiakos,Bayer 04 Leverkusen rettet im Rückspiel der Champions-League-Playoffs gegen Olympiakos Piräus seinen Vorsprung aus dem Hinspiel und steht im Achtelfinale. Underdog Bodö/Glimt aus Norwegen lässt weiter aufhorchen.,2026-02-26
aufhorchen,listen up,Bayer 04 Leverkusen rettet im Rückspiel der Champions-League-Playoffs gegen Olympiakos Piräus seinen Vorsprung aus dem Hinspiel und steht im Achtelfinale. Underdog Bodö/Glimt aus Norwegen lässt weiter aufhorchen.,2026-02-26
vermindern,Nifedipine can lower the chance of conception.,"Bundeskanzler Friedrich Merz will die Abhängigkeiten von China vermindern, aber gleichzeitig die Beziehungen zur zweitstärksten Wirtschaftsmacht nicht gefährden. Sein Staatsbesuch in Peking ist eine Gratwanderung.",2026-02-26
schwierige,DIFFICULT,"Bundeskanzler Merz führt schwierige Gespräche in China. Präsident Trump spricht in seiner Rede zur Lage der Nation von einem ""goldenen Zeitalter"" der USA. Das Wichtigste in Kürze.",2026-02-26
sicherheit,reliability,Die Fragezeichen zur Sicherheit in Mexiko werden mit Blick auf die Fußball-WM 2026 immer größer. Auch der DFB sorgt sich rund 100 Tage vor Turnierbeginn angesichts der Eskalation der Gewalt.,2026-02-26
angesichts,in the face of,Die Fragezeichen zur Sicherheit in Mexiko werden mit Blick auf die Fußball-WM 2026 immer größer. Auch der DFB sorgt sich rund 100 Tage vor Turnierbeginn angesichts der Eskalation der Gewalt.,2026-02-26
eskalation,Escalation,Die Fragezeichen zur Sicherheit in Mexiko werden mit Blick auf die Fußball-WM 2026 immer größer. Auch der DFB sorgt sich rund 100 Tage vor Turnierbeginn angesichts der Eskalation der Gewalt.,2026-02-26
beerdigen,bury,"Afrikaweit rekrutiert Russland Männer für den Kriegseinsatz - auch mit Täuschungsmanövern. Die Familien zuhause suchen nach Wegen, die Toten zu bergen, um sie zu beerdigen.",2026-02-26
honcharov,honcharov,Nach der russischen Ukraine-Invasion 2022 schloss sich DW-Journalist Kostiantyn Honcharov der ukrainischen Armee an. Seitdem kämpft er an der Front. Hier ist sein persönlicher Bericht zum vierten Jahrestag des Krieges.,2026-02-26
unwetters,weather,"Heftige Regenfälle, Überschwemmungen und Erdrutsche: Die Auswirkungen eines Unwetters im Südosten Brasiliens sind verheerend. Zahlreiche Menschen kamen ums Leben.",2026-02-26
rückspiel,SECOND LEG,Bayer 04 Leverkusen rettet im Rückspiel der Champions-League-Playoffs gegen Olympiakos Piräus seinen Vorsprung aus dem Hinspiel und steht im Achtelfinale. Underdog Bodö/Glimt aus Norwegen lässt weiter aufhorchen.,2026-02-26
champions,Champions,Bayer 04 Leverkusen rettet im Rückspiel der Champions-League-Playoffs gegen Olympiakos Piräus seinen Vorsprung aus dem Hinspiel und steht im Achtelfinale. Underdog Bodö/Glimt aus Norwegen lässt weiter aufhorchen.,2026-02-26
friedrich,Friedrich,"Bundeskanzler Friedrich Merz will die Abhängigkeiten von China vermindern, aber gleichzeitig die Beziehungen zur zweitstärksten Wirtschaftsmacht nicht gefährden. Sein Staatsbesuch in Peking ist eine Gratwanderung.",2026-02-26
gefährden,Fair Trade.,"Bundeskanzler Friedrich Merz will die Abhängigkeiten von China vermindern, aber gleichzeitig die Beziehungen zur zweitstärksten Wirtschaftsmacht nicht gefährden. Sein Staatsbesuch in Peking ist eine Gratwanderung.",2026-02-26
